Model,RMSE,MAE,MAPE,R2,Directional_Accuracy,Precision,Recall,F1_Score
Random Forest,232.16038300306144,187.71855375433577,12.674289286255782,-0.8089630728490063,52.364273204903675,0.5412844036697247,0.2099644128113879,0.30256410256410254
XGBoost,227.73367133191422,185.79493221630565,12.611822410958888,-0.7406360482873342,51.83887915936952,0.5272727272727272,0.20640569395017794,0.2966751918158568
