Model,RMSE,MAE,MAPE,R2,Directional_Accuracy,Precision,Recall,F1_Score
Random Forest,941.7478014614624,774.9269146183346,10.405628944118744,-1.1399144757959276,53.06479859894922,0.5869565217391305,0.19014084507042253,0.2872340425531915
XGBoost,1019.0874194769265,854.6441100457112,11.490798287397638,-1.5058211309357024,51.48861646234676,0.5614035087719298,0.11267605633802817,0.18768328445747803
