Model,RMSE,MAE,MAPE,R2,Directional_Accuracy,Precision,Recall,F1_Score
Random Forest,59.24632392542265,46.49141719998505,1.908997387302754,0.9578561576784355,52.53940455341506,0.5124153498871332,0.8049645390070922,0.6262068965517241
XGBoost,48.35416803786513,36.607591222780314,1.4731119368125534,0.9719276259654854,53.94045534150613,0.5238095238095238,0.7411347517730497,0.6138032305433186
