Model,RMSE,MAE,MAPE,R2,Directional_Accuracy,Precision,Recall,F1_Score
Random Forest,142.47105858089805,103.28261750176179,5.2170108704226745,0.355333165741183,52.1891418563923,0.5773195876288659,0.19444444444444445,0.2909090909090909
XGBoost,179.32245787516823,135.58504642749728,6.88224041494116,-0.021295436425965653,51.48861646234676,0.6037735849056604,0.1111111111111111,0.187683284457478
