Model,RMSE,MAE,MAPE,R2,Directional_Accuracy,Precision,Recall,F1_Score
Random Forest,79.98066866165843,64.18100038224429,4.366126385513729,0.21528699811957475,51.138353765324,0.5144508670520231,0.31338028169014087,0.3894967177242889
XGBoost,79.74945466679338,64.13900609821258,4.34168625830227,0.21981745218678483,52.1891418563923,0.5329341317365269,0.31338028169014087,0.3946784922394679
