Model,RMSE,MAE,MAPE,R2,Directional_Accuracy,Precision,Recall,F1_Score
Random Forest,38.31329474267613,31.418038586083707,7.576250079216614,0.030877486882151972,54.290718038528894,0.5590277777777778,0.5457627118644067,0.5523156089193826
XGBoost,38.33131564282703,30.593226978944987,7.330051402226754,0.029965606689140722,54.81611208406305,0.5667870036101083,0.5322033898305085,0.548951048951049
