Model,RMSE,MAE,MAPE,R2,Directional_Accuracy,Precision,Recall,F1_Score
Random Forest,1155.994672414046,992.1565999905758,15.876803325167373,-0.7558475549500367,48.421052631578945,0.5263157894736842,0.06756756756756757,0.11976047904191618
XGBoost,1291.0066289194256,1108.7857793065727,17.747270791602357,-1.189939346030794,48.07017543859649,0.5,0.06418918918918919,0.11377245508982037
