Model,RMSE,MAE,MAPE,R2,Directional_Accuracy,Precision,Recall,F1_Score
Random Forest,60.617885093768294,49.71622618666876,3.954727942563288,0.14266951162207653,55.166374781085814,0.5601503759398496,0.5173611111111112,0.5379061371841156
XGBoost,57.17626068659386,47.16590394417238,3.7189468008053232,0.23725704237611245,55.166374781085814,0.5615384615384615,0.5069444444444444,0.5328467153284672
