Model,RMSE,MAE,MAPE,R2,Directional_Accuracy,Precision,Recall,F1_Score
ARIMA,75.07543260552883,59.15066703733279,4.843359978889234,-0.3377247750703918,56.36363636363636,0.5481049562682215,0.7550200803212851,0.6351351351351351
SARIMA,74.3436773228401,58.59556477985662,4.795242445808302,-0.3117744325192924,56.16161616161616,0.5473372781065089,0.7429718875502008,0.6303236797274275
Random Forest,30.01051262733272,23.04415263331203,1.8227306830706655,0.7764385376322217,46.723044397463006,0.4721311475409836,0.6127659574468085,0.5333333333333333
XGBoost,31.0326375892314,24.57843543015349,1.9530260191486848,0.7609506907510606,52.64270613107822,0.516320474777448,0.7404255319148936,0.6083916083916084
LSTM,35.17124150630711,28.317559867555147,2.24000766950288,0.6929383969944836,48.625792811839325,0.4767441860465116,0.1715481171548117,0.2523076923076923
CNN-LSTM,26.80596141844867,21.05027582440553,1.67973305271296,0.8216336637445663,51.58562367864693,0.5271739130434783,0.405857740585774,0.458628841607565
ARIMA-LSTM,17.226160796579748,12.60922379177046,0.9995473979781774,0.9296657124255614,48.58299595141701,0.4825581395348837,0.3346774193548387,0.3952380952380952
