Model,RMSE,MAE,MAPE,R2,Directional_Accuracy,Precision,Recall,F1_Score
Random Forest,2258.074642633343,1949.5255734568254,31.256690105652947,-2.8666730966881717,49.56217162872154,0.5,0.006944444444444444,0.0136986301369863
XGBoost,2260.4879002493476,1950.020672616166,31.24982993026266,-2.8749423225157718,49.73730297723292,0.6666666666666666,0.006944444444444444,0.013745704467353952
