Model,RMSE,MAE,MAPE,R2,Directional_Accuracy,Precision,Recall,F1_Score
Random Forest,29.01331147883242,21.484625815309126,2.926243350485831,0.8363691760720998,54.32098765432099,0.5050505050505051,0.26881720430107525,0.3508771929824561
XGBoost,39.10298031735191,29.328485720515367,3.9681589117627114,0.7027716470740013,51.60493827160494,0.44047619047619047,0.1989247311827957,0.274074074074074
