Model,RMSE,MAE,MAPE,R2,Directional_Accuracy,Precision,Recall,F1_Score
Random Forest,102.1277180337517,75.31248596298286,8.094517797101648,-0.35990835903745255,52.1891418563923,0.5647058823529412,0.16901408450704225,0.26016260162601623
XGBoost,114.79548852078793,86.95400353468777,9.391684629497012,-0.7181933282829751,51.83887915936952,0.6,0.09507042253521127,0.1641337386018237
