Model,RMSE,MAE,MAPE,R2,Directional_Accuracy,Precision,Recall,F1_Score
Random Forest,854.059348292959,706.3581789332738,13.891647950381218,-0.5802873749641628,51.138353765324,0.5119047619047619,0.303886925795053,0.38137472283813745
XGBoost,858.4407812225219,708.1392278397022,13.900314281370793,-0.5965431151753675,51.31348511383538,0.515527950310559,0.29328621908127206,0.37387387387387383
