Model,RMSE,MAE,MAPE,R2,Directional_Accuracy,Precision,Recall,F1_Score
Random Forest,70.24025026042933,40.96516740307916,1.6393431779279766,0.8423952660701545,52.364273204903675,0.5,0.4411764705882353,0.46875
XGBoost,84.96509052304123,48.05735155497151,1.9117284168057735,0.7693899624418655,52.1891418563923,0.49760765550239233,0.38235294117647056,0.43243243243243246
