Model,RMSE,MAE,MAPE,R2,Directional_Accuracy,Precision,Recall,F1_Score
ARIMA,67.27823052729136,57.15181420099756,6.882865070308389,-0.0038694282712949,51.61290322580645,0.5116279069767442,0.5365853658536586,0.5238095238095238
SARIMA,67.29281623147135,57.16498973896581,6.886145153758834,-0.0043047467862458,51.20967741935484,0.5076923076923077,0.5365853658536586,0.5217391304347826
Random Forest,29.57065116023107,21.05153113463969,2.4837829027082523,0.975471155545476,47.14587737843552,0.473186119873817,0.6437768240343348,0.5454545454545454
XGBoost,27.45472524213232,19.1856251809249,2.1852038182219107,0.978855884776618,53.276955602537,0.5208333333333334,0.6437768240343348,0.5758157389635317
LSTM,37.57115075585708,25.678237260360746,2.877491497274186,0.9604028151071392,52.85412262156448,0.5247148288973384,0.5847457627118644,0.5531062124248497
CNN-LSTM,40.86538878094793,27.72952131901103,3.18960728552326,0.9531546393080684,52.21987315010571,0.5179856115107914,0.6101694915254238,0.5603112840466926
ARIMA-LSTM,22.379632798243254,13.282504370110006,1.47129015547583,0.9884889901257076,48.78542510121457,0.4898373983739837,0.9917695473251028,0.6557823129251701
