Model,RMSE,MAE,MAPE,R2,Directional_Accuracy,Precision,Recall,F1_Score
ARIMA,221.0603899432093,179.98194804776384,12.7394045297635,-0.0214571161706156,48.48484848484848,0.4763636363636364,0.5413223140495868,0.506769825918762
SARIMA,221.90828003331373,180.66938159181424,12.826625392684262,-0.0293078606957906,49.292929292929294,0.4838709677419355,0.5578512396694215,0.5182341650671786
Random Forest,80.87472953923742,54.78265958048095,3.3343639814760246,0.8658335306590002,47.99154334038055,0.4509803921568627,0.2987012987012987,0.359375
XGBoost,99.27194991830788,68.01933371305593,4.107316374318814,0.7978510855321477,47.99154334038055,0.4489795918367347,0.2857142857142857,0.3492063492063492
LSTM,52.64896098952478,40.946910602270194,2.7267044827636413,0.9431411697504918,50.52854122621564,0.5,0.4829059829059829,0.4913043478260869
CNN-LSTM,58.146966492185264,44.81178327743928,2.856176290535778,0.9306458527518418,52.00845665961945,0.5304347826086957,0.2606837606837607,0.349570200573066
ARIMA-LSTM,25.663017075677505,18.428811238138337,1.238278685822569,0.9862613112228642,46.558704453441294,0.4586466165413533,0.5041322314049587,0.4803149606299212
