Model,RMSE,MAE,MAPE,R2,Directional_Accuracy,Precision,Recall,F1_Score
Random Forest,85.23953786631898,55.660425729300684,3.382053894195755,0.8367872315281919,49.21190893169877,0.46111111111111114,0.3007246376811594,0.36403508771929827
XGBoost,105.88407934062492,71.49903522427417,4.338430935186442,0.7481550260429901,47.98598949211909,0.42953020134228187,0.2318840579710145,0.30117647058823527
