Model,RMSE,MAE,MAPE,R2,Directional_Accuracy,Precision,Recall,F1_Score
Random Forest,25.814841154388606,18.508799390375312,5.125363740353439,0.7020212260991796,50.43782837127846,0.45652173913043476,0.3146067415730337,0.3725055432372506
XGBoost,23.512807683749745,16.971835353141074,4.673824724945522,0.7527960544809703,51.31348511383538,0.4692737430167598,0.3146067415730337,0.37668161434977576
