Model,RMSE,MAE,MAPE,R2,Directional_Accuracy,Precision,Recall,F1_Score
ARIMA,39.03709751893769,32.2970527430396,7.855742450303271,-0.7435311526424724,51.91919191919192,0.5078125,0.2708333333333333,0.3532608695652173
SARIMA,38.93581329539072,32.21448612519579,7.836609125670566,-0.7344954855253811,52.121212121212125,0.5118110236220472,0.2708333333333333,0.3542234332425068
Random Forest,11.106084388983732,8.025547733750457,1.945683891378149,0.8549097259933746,51.16279069767442,0.5,0.3073593073593073,0.3806970509383378
XGBoost,14.90267671885237,11.395646438567104,2.7545514154500377,0.7387568428467943,53.48837209302325,0.5733333333333334,0.1861471861471861,0.2810457516339869
LSTM,15.509039622621527,12.936264867523557,3.16632185920976,0.7170653280771253,52.00845665961945,0.5757575757575758,0.160337552742616,0.2508250825082508
CNN-LSTM,12.990042035397565,10.657695374889496,2.6111534042962896,0.8015105297197688,53.06553911205074,0.5925925925925926,0.2025316455696202,0.3018867924528302
ARIMA-LSTM,5.506352140618583,3.931335337220799,0.9984436629876028,0.9653100002218356,47.77327935222672,0.4813278008298755,0.9666666666666668,0.6426592797783934
