Model,RMSE,MAE,MAPE,R2,Directional_Accuracy,Precision,Recall,F1_Score
Random Forest,1230.4045803230074,1159.7761180422046,37.34269601474854,-7.691436416146475,49.036777583187394,0.75,0.010238907849829351,0.0202020202020202
XGBoost,1214.1229641230082,1144.5833796619786,36.859800003038444,-7.46293540445372,49.21190893169877,0.7142857142857143,0.017064846416382253,0.03333333333333333
