Model,RMSE,MAE,MAPE,R2,Directional_Accuracy,Precision,Recall,F1_Score
Random Forest,2728.5293982797803,2190.749391709306,15.533311115349907,-1.7951987520681874,51.66374781085814,0.5333333333333333,0.02888086642599278,0.05479452054794521
XGBoost,2998.16879186432,2468.8243838163917,17.645611322661885,-2.3749518207791245,51.31348511383538,0.45454545454545453,0.018050541516245487,0.03472222222222222
