Model,RMSE,MAE,MAPE,R2,Directional_Accuracy,Precision,Recall,F1_Score
Random Forest,32.51310081615713,27.297698833245025,9.074907794106604,-1.5050308165184183,50.61295971978984,0.5416666666666666,0.13541666666666666,0.21666666666666665
XGBoost,40.642873931846346,36.25387303719017,12.177744142800075,-2.9143991794260726,51.48861646234676,0.7619047619047619,0.05555555555555555,0.1035598705501618
