Model,RMSE,MAE,MAPE,R2,Directional_Accuracy,Precision,Recall,F1_Score
Random Forest,59.833552776083586,47.8559593037673,3.395741056104414,0.6216524390552556,49.73730297723292,0.4931972789115646,0.5123674911660777,0.5025996533795494
XGBoost,66.3978277679959,54.426918236175446,3.915794358662474,0.534082417851842,50.96322241681261,0.5047318611987381,0.5653710247349824,0.5333333333333333
