Model,RMSE,MAE,MAPE,R2,Directional_Accuracy,Precision,Recall,F1_Score
ARIMA,310.7652973596097,270.72809079393966,14.60587344515454,-1.6427286337256737,49.696969696969695,0.4606741573033708,0.1694214876033057,0.2477341389728096
SARIMA,312.2495948796255,271.9271061036777,14.666755027588623,-1.6680336679050436,49.696969696969695,0.4597701149425287,0.1652892561983471,0.243161094224924
Random Forest,184.882962911984,143.64299694764938,7.551545610091723,0.1822828796661371,49.75728155339806,0.4814814814814814,0.2561576354679803,0.3344051446945337
XGBoost,145.14805016155617,110.44844835071255,5.812034938026911,0.4959986289452672,47.57281553398058,0.419753086419753,0.167487684729064,0.2394366197183098
LSTM,45.60489673684157,36.03063225720468,2.04046147408502,0.9502455132362962,52.18446601941748,0.5224719101123596,0.4536585365853658,0.4856396866840731
CNN-LSTM,90.16585309739226,79.64918496037627,4.384664270137173,0.8055116958530351,50.24271844660194,0.5,0.0146341463414634,0.0284360189573459
ARIMA-LSTM,23.345745827996897,17.138313949791332,0.9863007877447594,0.986521802246238,50.231481481481474,0.4845360824742268,0.2216981132075471,0.3042071197411003
