Model,RMSE,MAE,MAPE,R2,Directional_Accuracy,Precision,Recall,F1_Score
Random Forest,188.06334499641878,144.63858944012694,15.481476133101461,-1.3794147092443692,47.8108581436077,0.5,0.04697986577181208,0.08588957055214723
XGBoost,182.8165451146919,138.8833346856793,14.816250130702489,-1.2484996475213102,47.635726795096325,0.4857142857142857,0.05704697986577181,0.10210210210210209
