Model,RMSE,MAE,MAPE,R2,Directional_Accuracy,Precision,Recall,F1_Score
Random Forest,85.05079254435732,64.42926681064247,6.315219159562674,-0.1303473112192799,55.51663747810858,0.5254237288135594,0.7890909090909091,0.6308139534883722
XGBoost,75.03344695520602,56.54732270354956,5.515934541687787,0.12023846141968753,54.290718038528894,0.519774011299435,0.6690909090909091,0.5850556438791733
