Model,RMSE,MAE,MAPE,R2,Directional_Accuracy,Precision,Recall,F1_Score
Random Forest,92.67263842133502,67.08492547297432,4.365971686838458,0.5421655621119239,51.48861646234676,0.5098039215686274,0.3701067615658363,0.4288659793814433
XGBoost,97.62619809819988,72.16006508231807,4.704644749002906,0.49191291613158583,50.96322241681261,0.5047619047619047,0.18861209964412812,0.2746113989637306
