Model,RMSE,MAE,MAPE,R2,Directional_Accuracy,Precision,Recall,F1_Score
Random Forest,299.25834181095945,228.8419599019327,6.122011080914276,0.35897184510195623,51.66374781085814,0.5108359133126935,0.5830388692579506,0.5445544554455446
XGBoost,300.10401418676753,229.8317878254518,6.1383218583208565,0.3553437707248924,52.53940455341506,0.5177514792899408,0.6183745583038869,0.5636070853462157
