Model,RMSE,MAE,MAPE,R2,Directional_Accuracy,Precision,Recall,F1_Score
ARIMA,441.655521839765,374.661826878377,9.14672579692848,-0.7070992522518798,50.403225806451616,0.4848484848484848,0.2644628099173554,0.3422459893048128
SARIMA,442.504853112938,375.2941119315792,9.160829576494782,-0.7136712832894938,50.403225806451616,0.4848484848484848,0.2644628099173554,0.3422459893048128
Random Forest,283.72378838250404,182.02977525642484,4.51260448696515,0.4726444542093241,47.35729386892177,0.4662576687116564,0.3193277310924369,0.3790523690773067
XGBoost,330.53909680521696,211.11981656975212,5.212996556832028,0.2842560438311068,51.16279069767442,0.5217391304347826,0.3529411764705882,0.4210526315789474
LSTM,158.0509437506057,124.15233762882836,3.2295734477939058,0.8363536962916895,46.723044397463006,0.4523809523809524,0.2375,0.3114754098360655
CNN-LSTM,200.86663278400653,157.95948004662455,4.054647732295207,0.7356814688841637,48.625792811839325,0.4716981132075472,0.1041666666666666,0.1706484641638225
ARIMA-LSTM,54.59993297344855,38.47630622798638,1.0452476523806449,0.9802645746136136,51.417004048583,0.5105105105105106,0.6882591093117408,0.5862068965517242
