Model,RMSE,MAE,MAPE,R2,Directional_Accuracy,Precision,Recall,F1_Score
Random Forest,29.89220008197934,26.789690357555024,6.236360094675298,-5.421829036173637,63.63636363636363,1.0,0.2,0.33333333333333337
XGBoost,23.181409016795765,20.554101731546492,4.782851188466586,-2.862092204551871,72.72727272727273,1.0,0.4,0.5714285714285715
