Model,RMSE,MAE,MAPE,R2,Directional_Accuracy,Precision,Recall,F1_Score
Random Forest,104.62700481747618,74.49412703799702,10.692274980656979,0.811735103321713,49.036777583187394,0.4690721649484536,0.6816479400749064,0.5557251908396946
XGBoost,108.50985487811293,81.2834582694605,11.537318496309215,0.7975022836297803,50.0875656742557,0.475,0.6404494382022472,0.5454545454545453
