Model,RMSE,MAE,MAPE,R2,Directional_Accuracy,Precision,Recall,F1_Score
Random Forest,1902.1364663593004,1728.589918676803,14.693503884604135,-4.489563590895827,51.138353765324,0.6129032258064516,0.06643356643356643,0.1198738170347003
XGBoost,1813.7305305515981,1647.8567544362409,13.996415035744073,-3.9911428992694873,50.26269702276708,0.5454545454545454,0.04195804195804196,0.07792207792207792
