Model,RMSE,MAE,MAPE,R2,Directional_Accuracy,Precision,Recall,F1_Score
Random Forest,4.778655533329754,3.5516897970490184,1.481710176641121,0.9704798137869182,52.1891418563923,0.5107142857142857,0.5125448028673835,0.5116279069767442
XGBoost,5.0174991706514565,3.7852650212179695,1.58250021373095,0.9674551510738724,50.26269702276708,0.4895397489539749,0.41935483870967744,0.4517374517374518
