Model,RMSE,MAE,MAPE,R2,Directional_Accuracy,Precision,Recall,F1_Score
ARIMA,685.6273913989527,602.191947901549,26.127746980393106,-3.164270342854404,47.474747474747474,0.4693446088794926,0.961038961038961,0.6306818181818181
SARIMA,683.0754111474674,599.6116004608446,26.02007883207201,-3.1333282943646346,47.67676767676768,0.4703389830508475,0.961038961038961,0.6315789473684211
Random Forest,95.37211063401254,68.46543446192022,2.8652085873819235,0.9105661280225488,48.20295983086681,0.4689826302729528,0.8590909090909091,0.6067415730337079
XGBoost,87.9517135273432,63.98154131908785,2.683100391337488,0.9239414825220592,50.10570824524313,0.478494623655914,0.8090909090909091,0.6013513513513513
LSTM,92.48891741284834,68.61671528543579,2.82590541286227,0.9158917415291872,46.93446088794926,0.4513888888888889,0.5829596412556054,0.5088062622309197
CNN-LSTM,100.38560435507712,75.27932396852147,3.0899841327187088,0.9009163208230396,46.723044397463006,0.4536741214057508,0.6367713004484304,0.5298507462686567
ARIMA-LSTM,62.255077031793135,41.96352226840747,1.717987764636024,0.9655261545286484,46.558704453441294,0.4618937644341801,0.8658008658008658,0.6024096385542169
