Model,RMSE,MAE,MAPE,R2,Directional_Accuracy,Precision,Recall,F1_Score
ARIMA,54.14628074206512,46.30057486975089,12.357350095670665,-0.7486856830880932,54.74747474747475,0.53954802259887,0.7579365079365079,0.6303630363036303
SARIMA,54.4780698430855,46.525229862759936,12.423298079783434,-0.7701819874090388,55.15151515151515,0.5423728813559322,0.7619047619047619,0.6336633663366337
Random Forest,25.57066798028012,20.857483122424373,5.484962674594355,0.6001343891588509,57.082452431289646,0.5476190476190477,0.8661087866108786,0.6709886547811994
XGBoost,23.274613853526574,19.427186997028844,5.090781385849369,0.6687202589811885,56.87103594080338,0.5449871465295629,0.8870292887029289,0.6751592356687898
LSTM,18.214428745332874,15.602952266648016,4.104747515336601,0.7971098192897992,55.81395348837209,0.5414507772020726,0.8672199170124482,0.6666666666666666
CNN-LSTM,19.67272645294408,16.876823411991666,4.442365457702366,0.7633213817958183,55.391120507399584,0.5394736842105263,0.8506224066390041,0.6602254428341385
ARIMA-LSTM,6.183117800273143,4.45076600840323,1.101198425729482,0.9772140109108612,51.012145748987855,0.5101214574898786,1.0,0.675603217158177
