Model,RMSE,MAE,MAPE,R2,Directional_Accuracy,Precision,Recall,F1_Score
ARIMA,1657.2337679903796,1263.3542816991114,18.599551605874712,-1.3285874768816397,50.30303030303031,0.5384615384615384,0.0843373493975903,0.1458333333333333
SARIMA,1658.9111286694515,1265.2397571231195,18.630756358479527,-1.3333035981745471,50.505050505050505,0.5526315789473685,0.0843373493975903,0.1463414634146341
Random Forest,1644.586421572377,1261.1144217015724,18.44145645280969,-1.3317359667184907,50.95137420718816,0.5483870967741935,0.1428571428571428,0.2266666666666666
XGBoost,1696.4139037574853,1313.4176453179266,19.2764661670894,-1.4810163014496114,52.00845665961945,0.6078431372549019,0.1302521008403361,0.2145328719723183
LSTM,553.6848213855413,429.0654726364218,6.3831262217197935,0.7357036317535224,49.47145877378436,0.5172413793103449,0.0625,0.1115241635687732
CNN-LSTM,787.3495326291211,603.4222987926898,8.875966148470114,0.4655573515623992,49.2600422832981,0.5,0.0458333333333333,0.0839694656488549
ARIMA-LSTM,101.66141881319088,70.30262253189761,1.165412792819254,0.9912320105705672,50.0,0.5714285714285714,0.0161290322580645,0.0313725490196078
