Model,RMSE,MAE,MAPE,R2,Directional_Accuracy,Precision,Recall,F1_Score
ARIMA,98.8250475679468,82.64945830544407,11.323791932490412,-1.2302377396683153,52.121212121212125,0.4952380952380952,0.2203389830508474,0.3049853372434017
SARIMA,122.3945600188175,103.57525113835446,14.169503514168458,-2.4209074702999045,51.91919191919192,0.4545454545454545,0.0423728813559322,0.0775193798449612
Random Forest,29.01331147883244,21.48462581530914,2.9262433504858327,0.8363691760720995,54.32098765432099,0.5050505050505051,0.2688172043010752,0.3508771929824561
XGBoost,39.10298031735191,29.328485720515367,3.968158911762712,0.7027716470740013,51.60493827160494,0.4404761904761904,0.1989247311827957,0.274074074074074
LSTM,17.53966845207879,13.724797013047676,1.973404381488857,0.9401983336060932,54.32098765432099,0.5148514851485149,0.2765957446808511,0.3598615916955017
CNN-LSTM,16.831594039077387,13.353211909607634,1.923345486269384,0.9449292460650984,52.59259259259259,0.4836065573770491,0.3138297872340425,0.3806451612903225
ARIMA-LSTM,9.827840523286886,7.627912314089277,1.1190049703024827,0.9803780414947916,45.539906103286384,0.4553990610328638,1.0,0.6258064516129032
