Model,RMSE,MAE,MAPE,R2,Directional_Accuracy,Precision,Recall,F1_Score
ARIMA,526.3552541653501,484.66610590024936,57.27967633990399,-5.313764045588404,49.898989898989896,0.4947145877378435,0.9629629629629628,0.6536312849162011
SARIMA,524.6367136101774,483.1253896028818,57.09678318224575,-5.272602696087159,49.898989898989896,0.4947368421052631,0.9670781893004116,0.6545961002785516
Random Forest,29.57065116023107,21.05153113463969,2.4837829027082523,0.975471155545476,47.14587737843552,0.473186119873817,0.6437768240343348,0.5454545454545454
XGBoost,27.45472524213232,19.1856251809249,2.1852038182219107,0.978855884776618,53.276955602537,0.5208333333333334,0.6437768240343348,0.5758157389635317
LSTM,37.57115075585708,25.678237260360746,2.877491497274186,0.9604028151071392,52.85412262156448,0.5247148288973384,0.5847457627118644,0.5531062124248497
CNN-LSTM,40.86538878094793,27.72952131901103,3.18960728552326,0.9531546393080684,52.21987315010571,0.5179856115107914,0.6101694915254238,0.5603112840466926
ARIMA-LSTM,22.379632798243254,13.282504370110006,1.47129015547583,0.9884889901257076,48.78542510121457,0.4898373983739837,0.9917695473251028,0.6557823129251701
