Model,RMSE,MAE,MAPE,R2,Directional_Accuracy,Precision,Recall,F1_Score
ARIMA,187.16179023609664,167.5579029069962,9.513872728105392,-3.986370567564606,48.28282828282829,1.0,0.026615969581749,0.0518518518518518
SARIMA,189.58624058926708,170.1888410372442,9.66648293136242,-4.116391853036676,48.28282828282829,1.0,0.026615969581749,0.0518518518518518
Random Forest,98.25228174998416,76.60259949117584,4.299526552030948,-0.4357045789768137,52.85412262156448,0.6015625,0.3092369477911647,0.4084880636604774
XGBoost,151.63651923168842,126.3601970424458,7.121940909827456,-2.4196952816599238,49.04862579281184,0.6428571428571429,0.072289156626506,0.1299638989169675
LSTM,41.9392103989925,32.964216169414094,1.896594408276702,0.7384105064834073,49.47145877378436,0.5408805031446541,0.3412698412698413,0.4184914841849148
CNN-LSTM,48.36337615121055,38.096805294251865,2.168059540918259,0.6521331707323581,50.95137420718816,0.5892857142857143,0.2619047619047619,0.3626373626373626
ARIMA-LSTM,21.533029542849786,15.68055676723372,0.91353515482952,0.9336531375250232,52.834008097166,0.5294117647058824,0.9961832061068704,0.6913907284768211
