Model,RMSE,MAE,MAPE,R2,Directional_Accuracy,Precision,Recall,F1_Score
ARIMA,351.70763216887235,295.94180038561484,13.05622459975146,-0.3414585004081019,46.37096774193548,0.4583333333333333,0.7521367521367521,0.56957928802589
SARIMA,355.192583565825,299.7326159841144,13.23808438780378,-0.3681743196310112,46.37096774193548,0.4587628865979381,0.7606837606837606,0.572347266881029
Random Forest,95.37211063401254,68.46543446192022,2.8652085873819235,0.9105661280225488,48.20295983086681,0.4689826302729528,0.8590909090909091,0.6067415730337079
XGBoost,87.9517135273432,63.98154131908785,2.683100391337488,0.9239414825220592,50.10570824524313,0.478494623655914,0.8090909090909091,0.6013513513513513
LSTM,92.48891741284834,68.61671528543579,2.82590541286227,0.9158917415291872,46.93446088794926,0.4513888888888889,0.5829596412556054,0.5088062622309197
CNN-LSTM,100.38560435507712,75.27932396852147,3.0899841327187088,0.9009163208230396,46.723044397463006,0.4536741214057508,0.6367713004484304,0.5298507462686567
ARIMA-LSTM,62.255077031793135,41.96352226840747,1.717987764636024,0.9655261545286484,46.558704453441294,0.4618937644341801,0.8658008658008658,0.6024096385542169
