Model,RMSE,MAE,MAPE,R2,Directional_Accuracy,Precision,Recall,F1_Score
ARIMA,137.0764982802151,102.96467575684656,5.19633162748336,-0.8170803537516163,52.82258064516129,0.5925925925925926,0.2519685039370078,0.3535911602209944
SARIMA,137.9135937147935,103.71448352934114,5.234230634068382,-0.8393411220555387,52.41935483870967,0.5957446808510638,0.2204724409448819,0.32183908045977
Random Forest,184.882962911984,143.64299694764938,7.551545610091723,0.1822828796661371,49.75728155339806,0.4814814814814814,0.2561576354679803,0.3344051446945337
XGBoost,145.14805016155617,110.44844835071255,5.812034938026911,0.4959986289452672,47.57281553398058,0.419753086419753,0.167487684729064,0.2394366197183098
LSTM,45.60489673684157,36.03063225720468,2.04046147408502,0.9502455132362962,52.18446601941748,0.5224719101123596,0.4536585365853658,0.4856396866840731
CNN-LSTM,90.16585309739226,79.64918496037627,4.384664270137173,0.8055116958530351,50.24271844660194,0.5,0.0146341463414634,0.0284360189573459
ARIMA-LSTM,23.345745827996897,17.138313949791332,0.9863007877447594,0.986521802246238,50.231481481481474,0.4845360824742268,0.2216981132075471,0.3042071197411003
