Model,RMSE,MAE,MAPE,R2,Directional_Accuracy,Precision,Recall,F1_Score
ARIMA,628.0782030965443,521.9027485359867,21.005814330077516,-2.2308779600579745,43.14516129032258,0.4314516129032258,1.0,0.6028169014084507
SARIMA,627.1533045773018,520.7954810958943,20.964963796372555,-2.221369481616978,43.54838709677419,0.4331983805668016,1.0,0.6045197740112994
Random Forest,133.6240072978863,92.41982687694065,3.2146408154806645,0.947809753103,47.780126849894295,0.4370860927152318,0.631578947368421,0.5166340508806262
XGBoost,153.3346658485618,105.64429442448174,3.691963107002698,0.9312771645347546,48.41437632135307,0.4102564102564102,0.3827751196172249,0.396039603960396
LSTM,89.58137964345067,67.27475773487116,2.164902686859477,0.9765438969909582,50.95137420718816,0.4607142857142857,0.6142857142857143,0.5265306122448979
CNN-LSTM,93.73570292222216,72.32322791234402,2.337548599547296,0.9743179050232176,47.35729386892177,0.4441260744985673,0.7380952380952381,0.554561717352415
ARIMA-LSTM,47.19070896667249,32.484083796396746,1.029689741625777,0.9936709034843528,55.06072874493927,0.0,0.0,0.0
